title,keyword,gross,release_date,corrected_budget
Forrest Gump,americana,329694499,1994-07-06,55000000.0
A League of Their Own,americana,107533928,1992-07-01,40000000.0
Fargo,americana,24611975,1996-03-08,7000000.0
There Will Be Blood,americana,40222514,2007-12-26,25000000.0
Blue Velvet,americana,8551228,1986-09-19,6000000.0
Walking Tall,americana,46437717,2004-04-02,46000000.0
W.,americana,25534493,2008-10-17,25100000.0
Serial Mom,americana,7820688,1994-04-13,13000000.0
Divine Secrets of the Ya-Ya Sisterhood,americana,69599016,2002-06-07,27000000.0
My Dog Skip,americana,34134641,2000-01-14,6000000.0
Watchmen,avant-garde,107509799,2009-03-06,130000000.0
2001: A Space Odyssey,avant-garde,56715371,1968-04-03,12000000.0
A Clockwork Orange,avant-garde,26589355,1972-02-02,2200000.0
Donnie Darko,avant-garde,517375,2001-10-26,6000000.0
Memento,avant-garde,25544867,2001-03-16,9000000.0
Ex Machina,avant-garde,25442958,2015-04-10,15000000.0
Bram Stoker's Dracula,avant-garde,82522790,1992-11-13,40000000.0
Blue Velvet,avant-garde,8551228,1986-09-19,6000000.0
The American,avant-garde,35606376,2010-09-01,20000000.0
The Tree of Life,avant-garde,13303319,2011-05-27,32000000.0
Patch Adams,avant-garde,135026902,1998-12-25,90000000.0
The Lion King,battle,312855561,1994-06-15,45000000.0
It,battle,327481748,2017-09-08,35000000.0
Fantastic Beasts: The Crimes of Grindelwald,battle,159555901,2018-11-16,200000000.0
Spider-Man: Homecoming,battle,334201140,2017-07-07,175000000.0
Thor: Ragnarok,battle,315058289,2017-11-03,180000000.0
Avatar,battle,749766139,2009-12-18,237000000.0
Suicide Squad,battle,325100054,2016-08-05,175000000.0
Deadpool 2,battle,318491426,2018-05-18,110000000.0
Overlord,battle,21704844,2018-11-09,38000000.0
Guardians of the Galaxy,battle,333176600,2014-08-01,170000000.0
Inception,battle,292576195,2010-07-16,160000000.0
The Hunger Games,battle,408010692,2012-03-23,78000000.0
Robin Hood,battle,105269730,2010-05-14,200000000.0
Forrest Gump,battle,329694499,1994-07-06,55000000.0
Doctor Strange,battle,232641920,2016-11-04,165000000.0
Ready Player One,battle,137690172,2018-03-29,175000000.0
Captain America: Civil War,battle,408084349,2016-05-06,250000000.0
The Lord of the Rings: The Fellowship of the Ring,battle,313364114,2001-12-19,93000000.0
Gladiator,battle,187705427,2000-05-05,103000000.0
Mile 22,battle,36108758,2018-08-17,50000000.0
The Dark Knight Rises,battle,448139099,2012-07-20,250000000.0
Terminator 2: Judgment Day,battle,204843345,1991-07-03,102000000.0
Thor,battle,181030624,2011-05-06,150000000.0
Kong: Skull Island,battle,168052812,2017-03-10,185000000.0
Solo: A Star Wars Story,battle,213767512,2018-05-25,275000000.0
Guardians of the Galaxy Vol. 2,battle,389813101,2017-05-05,200000000.0
Beauty and the Beast,battle,145863363,1991-11-15,25000000.0
Hellboy,battle,59623958,2004-04-02,66000000.0
The Lion King,betrayal,312855561,1994-06-15,45000000.0
Bohemian Rhapsody,betrayal,216428042,2018-11-02,52000000.0
It,betrayal,327481748,2017-09-08,35000000.0
Inglourious Basterds,betrayal,120540719,2009-08-21,70000000.0
Fantastic Beasts: The Crimes of Grindelwald,betrayal,159555901,2018-11-16,200000000.0
Thor: Ragnarok,betrayal,315058289,2017-11-03,180000000.0
A Simple Favor,betrayal,53548586,2018-09-14,20000000.0
Blade Runner 2049,betrayal,92054159,2017-10-06,150000000.0
The Shawshank Redemption,betrayal,28341469,1994-09-23,25000000.0
The Dark Knight,betrayal,533345358,2008-07-18,185000000.0
The Hateful Eight,betrayal,54117416,2015-12-25,44000000.0
Interstellar,betrayal,188020017,2014-11-05,165000000.0
Avatar,betrayal,749766139,2009-12-18,237000000.0
Suicide Squad,betrayal,325100054,2016-08-05,175000000.0
John Wick,betrayal,43037835,2014-10-24,20000000.0
Reservoir Dogs,betrayal,2832029,1992-10-23,1200000.0
The Wolf of Wall Street,betrayal,116900694,2013-12-25,100000000.0
Mission: Impossible - Fallout,betrayal,220159104,2018-07-27,178000000.0
The Godfather,betrayal,133698921,1972-03-15,6000000.0
Get Out,betrayal,176040665,2017-02-24,4500000.0
Guardians of the Galaxy,betrayal,333176600,2014-08-01,170000000.0
Batman Begins,betrayal,205343774,2005-06-15,150000000.0
The Matrix,betrayal,171479930,1999-03-31,63000000.0
Mad Max: Fury Road,betrayal,153636354,2015-05-15,150000000.0
Inception,betrayal,292576195,2010-07-16,160000000.0
Baby Driver,betrayal,107825862,2017-06-28,34000000.0
The Spy Who Dumped Me,betrayal,33562069,2018-08-03,40000000.0
Robin Hood,betrayal,105269730,2010-05-14,200000000.0
The Meg,betrayal,145443742,2018-08-10,130000000.0
The Mule,biker,103804407,2018-12-14,50000000.0
Terminator 2: Judgment Day,biker,204843345,1991-07-03,102000000.0
From Dusk Till Dawn,biker,25836616,1996-01-19,19000000.0
Batman Forever,biker,184031112,1995-06-16,100000000.0
10 Things I Hate About You,biker,38178166,1999-03-31,30000000.0
Little Miss Sunshine,biker,59891098,2006-07-26,8000000.0
Ghost Rider,biker,115802596,2007-02-16,110000000.0
The First Purge,biker,69488745,2018-07-04,13000000.0
Indiana Jones and the Kingdom of the Crystal Skull,biker,317101119,2008-05-22,185000000.0
Homefront,biker,20158898,2013-11-27,22000000.0
Anchorman: The Legend of Ron Burgundy,biker,85288303,2004-07-09,26000000.0
Erin Brockovich,biker,125595205,2000-03-17,52000000.0
Ghost Rider: Spirit of Vengeance,biker,51774002,2012-02-17,57000000.0
Dawn of the Dead,biker,59020957,2004-03-19,26000000.0
The SpongeBob SquarePants Movie,biker,85417988,2004-11-19,30000000.0
Ride Along,biker,134938200,2014-01-17,25000000.0
The Lion King,blockbuster,312855561,1994-06-15,45000000.0
It,blockbuster,327481748,2017-09-08,35000000.0
Pulp Fiction,blockbuster,107928762,1994-10-14,8000000.0
Fantastic Beasts: The Crimes of Grindelwald,blockbuster,159555901,2018-11-16,200000000.0
Spider-Man: Homecoming,blockbuster,334201140,2017-07-07,175000000.0
Thor: Ragnarok,blockbuster,315058289,2017-11-03,180000000.0
The Dark Knight,blockbuster,533345358,2008-07-18,185000000.0
Interstellar,blockbuster,188020017,2014-11-05,165000000.0
Avatar,blockbuster,749766139,2009-12-18,237000000.0
Suicide Squad,blockbuster,325100054,2016-08-05,175000000.0
Mission: Impossible - Fallout,blockbuster,220159104,2018-07-27,178000000.0
Harry Potter and the Sorcerer's Stone,blockbuster,317575550,2001-11-16,125000000.0
Titanic,blockbuster,600788188,1997-12-19,200000000.0
Get Out,blockbuster,176040665,2017-02-24,4500000.0
Guardians of the Galaxy,blockbuster,333176600,2014-08-01,170000000.0
Batman Begins,blockbuster,205343774,2005-06-15,150000000.0
The Matrix,blockbuster,171479930,1999-03-31,63000000.0
Inception,blockbuster,292576195,2010-07-16,160000000.0
The Hunger Games,blockbuster,408010692,2012-03-23,78000000.0
Forrest Gump,blockbuster,329694499,1994-07-06,55000000.0
The Silence of the Lambs,blockbuster,130742922,1991-02-14,19000000.0
Spider-Man,blockbuster,403706375,2002-05-03,139000000.0
Doctor Strange,blockbuster,232641920,2016-11-04,165000000.0
Ready Player One,blockbuster,137690172,2018-03-29,175000000.0
Captain America: Civil War,blockbuster,408084349,2016-05-06,250000000.0
Gladiator,blockbuster,187705427,2000-05-05,103000000.0
Alien,blockbuster,78944891,1979-05-25,11000000.0
A League of Their Own,blockbuster,107533928,1992-07-01,40000000.0
The Dark Knight Rises,blockbuster,448139099,2012-07-20,250000000.0
Iron Man,blockbuster,318412101,2008-05-02,140000000.0
Jurassic Park,blockbuster,357067947,1993-06-11,63000000.0
Back to the Future,blockbuster,210609762,1985-07-03,19000000.0
The Shining,blockbuster,44017374,1980-05-23,19000000.0
2001: A Space Odyssey,blockbuster,56715371,1968-04-03,12000000.0
Terminator 2: Judgment Day,blockbuster,204843345,1991-07-03,102000000.0
The Love Guru,bollywood,32235793,2008-06-20,62000000.0
Hero,bollywood,53710019,2004-08-27,31000000.0
Superman,bollywood,134218018,1978-12-15,55000000.0
The Wolf of Wall Street,business,116900694,2013-12-25,100000000.0
There Will Be Blood,business,40222514,2007-12-26,25000000.0
Moneyball,business,75605492,2011-09-23,50000000.0
Office Space,business,10827810,1999-02-19,10000000.0
The Other Guys,business,119219978,2010-08-06,100000000.0
Meet Joe Black,business,44619100,1998-11-13,90000000.0
Inside Man,business,88513495,2006-03-24,45000000.0
Network,business,23689877,1976-11-27,3800000.0
Captain Phillips,business,107100855,2013-10-11,55000000.0
You've Got Mail,business,115821495,1998-12-18,65000000.0
Up in the Air,business,83823381,2009-12-04,25000000.0
The Insider,business,29089912,1999-11-05,90000000.0
Disclosure,business,83015089,1994-12-09,55000000.0
Extract,business,10823158,2009-09-04,8000000.0
Wall Street: Money Never Sleeps,business,52474616,2010-09-24,70000000.0
Johnny Mnemonic,business,19075720,1995-05-26,26000000.0
The Believer,business,416925,2002-05-17,1500000.0
Jobs,business,16131410,2013-08-16,12000000.0
The Boss,business,63285885,2016-04-08,29000000.0
Elizabethtown,business,26850426,2005-10-14,45000000.0
Paranoia,business,7385015,2013-08-16,35000000.0
Baby Driver,caper,107825862,2017-06-28,34000000.0
The Spy Who Dumped Me,caper,33562069,2018-08-03,40000000.0
Ant-Man,caper,180202163,2015-07-17,130000000.0
Sucker Punch,caper,36392502,2011-03-25,82000000.0
Logan Lucky,caper,27780977,2017-08-18,29000000.0
Mission: Impossible - Ghost Protocol,caper,209397903,2011-12-16,145000000.0
Ocean's Eleven,caper,183417150,2001-12-07,85000000.0
Inside Man,caper,88513495,2006-03-24,45000000.0
The Italian Job,caper,106128601,2003-05-30,60000000.0
Ocean's Twelve,caper,125544280,2004-12-10,110000000.0
The Score,caper,71107711,2001-07-13,68000000.0
The Thomas Crown Affair,caper,69305181,1999-08-06,48000000.0
Heartbreakers,caper,40336607,2001-03-23,35000000.0
Mortdecai,caper,7696134,2015-01-23,60000000.0
Keeping Up with the Joneses,caper,14904426,2016-10-21,40000000.0
Three Kings,caper,60652036,1999-10-01,75000000.0
The Three Stooges,caper,44338224,2012-04-13,30000000.0
Tower Heist,caper,78046570,2011-11-04,75000000.0
Bottle Rocket,caper,560069,1996-02-21,7000000.0
The Thomas Crown Affair,caper,69305181,1999-08-06,48000000.0
1941,caper,31755742,1979-12-14,35000000.0
Entrapment,caper,87704396,1999-04-30,66000000.0
The Italian Job,caper,106128601,2003-05-30,60000000.0
The Ladykillers,caper,39799191,2004-03-26,35000000.0
The Hunger Games,competition,408010692,2012-03-23,78000000.0
Ready Player One,competition,137690172,2018-03-29,175000000.0
The Hunger Games: Catching Fire,competition,424668047,2013-11-22,130000000.0
Black Swan,competition,106954678,2010-12-03,13000000.0
The Social Network,competition,96962694,2010-10-01,40000000.0
Jumanji,competition,100475249,1995-12-15,65000000.0
Ex Machina,competition,25442958,2015-04-10,15000000.0
A Knight's Tale,competition,56569702,2001-05-11,65000000.0
There Will Be Blood,competition,40222514,2007-12-26,25000000.0
Pitch Perfect,competition,65001093,2012-09-28,17000000.0
Talladega Nights: The Ballad of Ricky Bobby,competition,148213377,2006-08-04,72500000.0
Twister,competition,241721524,1996-05-10,92000000.0
What Men Want,competition,54611903,2019-02-08,20000000.0
How to Train Your Dragon,competition,217581231,2010-03-26,165000000.0
Vacation,competition,58884188,2015-07-29,31000000.0
Ender's Game,competition,61737191,2013-11-01,110000000.0
8 Mile,competition,116750901,2002-11-08,41000000.0
October Sky,competition,32547800,1999-02-19,25000000.0
The Longest Ride,competition,37446117,2015-04-10,34000000.0
The Italian Job,competition,106128601,2003-05-30,60000000.0
Ferdinand,competition,84410380,2017-12-15,111000000.0
Billy Madison,competition,25588734,1995-02-10,10000000.0
Dirty Grandpa,competition,35593113,2016-01-22,25000000.0
You've Got Mail,competition,115821495,1998-12-18,65000000.0
Bride Wars,competition,58715510,2009-01-09,30000000.0
Bring It On,competition,68379000,2000-08-25,11000000.0
Blade Runner 2049,conspiracy,92054159,2017-10-06,150000000.0
The Hateful Eight,conspiracy,54117416,2015-12-25,44000000.0
Watchmen,conspiracy,107509799,2009-03-06,130000000.0
The Wolf of Wall Street,conspiracy,116900694,2013-12-25,100000000.0
Batman Begins,conspiracy,205343774,2005-06-15,150000000.0
The Spy Who Dumped Me,conspiracy,33562069,2018-08-03,40000000.0
Robin Hood,conspiracy,105269730,2010-05-14,200000000.0
Red Sparrow,conspiracy,46874505,2018-03-02,69000000.0
Brightburn,conspiracy,17300439,2019-05-24,6000000.0
The Dark Knight Rises,conspiracy,448139099,2012-07-20,250000000.0
Iron Man,conspiracy,318412101,2008-05-02,140000000.0
Baywatch,conspiracy,58060186,2017-05-25,69000000.0
Widows,conspiracy,42402632,2018-11-16,42000000.0
Mortal Engines,conspiracy,15951040,2018-12-14,100000000.0
Jurassic World: Fallen Kingdom,conspiracy,417719760,2018-06-22,170000000.0
Valerian and the City of a Thousand Planets,conspiracy,41189488,2017-07-21,177200000.0
The Witch,conspiracy,25138705,2016-02-19,4000000.0
Captain America: The Winter Soldier,conspiracy,259766572,2014-04-04,170000000.0
The Hunger Games: Catching Fire,conspiracy,424668047,2013-11-22,130000000.0
Divergent,conspiracy,150947895,2014-03-21,85000000.0
Eyes Wide Shut,conspiracy,55691208,1999-07-16,65000000.0
Hunter Killer,conspiracy,15767460,2018-10-26,40000000.0
Iron Man 3,conspiracy,409013994,2013-05-03,200000000.0
Pulp Fiction,corruption,107928762,1994-10-14,8000000.0
The Shawshank Redemption,corruption,28341469,1994-09-23,25000000.0
The Dark Knight,corruption,533345358,2008-07-18,185000000.0
The Wolf of Wall Street,corruption,116900694,2013-12-25,100000000.0
Batman Begins,corruption,205343774,2005-06-15,150000000.0
Robin Hood,corruption,105269730,2010-05-14,200000000.0
Red Sparrow,corruption,46874505,2018-03-02,69000000.0
The Lord of the Rings: The Fellowship of the Ring,corruption,313364114,2001-12-19,93000000.0
Gladiator,corruption,187705427,2000-05-05,103000000.0
Alien,corruption,78944891,1979-05-25,11000000.0
The Departed,corruption,132384315,2006-10-06,90000000.0
Baywatch,corruption,58060186,2017-05-25,69000000.0
Wonder Woman,corruption,412563408,2017-06-02,149000000.0
Widows,corruption,42402632,2018-11-16,42000000.0
Sin City,corruption,74103820,2005-04-01,40000000.0
Star Wars: The Last Jedi,corruption,620181382,2017-12-15,317000000.0
Valerian and the City of a Thousand Planets,corruption,41189488,2017-07-21,177200000.0
The Lord of the Rings: The Return of the King,corruption,377027325,2003-12-17,94000000.0
Eyes Wide Shut,corruption,55691208,1999-07-16,65000000.0
Twilight,corruption,192769854,2008-11-21,37000000.0
Drop Dead Gorgeous,corruption,10571408,1999-07-23,15000000.0
The Legend of Tarzan,corruption,126643061,2016-07-01,180000000.0
Reservoir Dogs,cult,2832029,1992-10-23,1200000.0
Get Out,cult,176040665,2017-02-24,4500000.0
The Shining,cult,44017374,1980-05-23,19000000.0
From Dusk Till Dawn,cult,25836616,1996-01-19,19000000.0
Eyes Wide Shut,cult,55691208,1999-07-16,65000000.0
Ghostbusters,cult,229242989,1984-06-08,30000000.0
Downsizing,cult,24449754,2017-12-22,68000000.0
X-Men: Apocalypse,cult,155442489,2016-05-27,178000000.0
Annabelle,cult,84273813,2014-10-03,6500000.0
Mrs. Doubtfire,cult,219195243,1993-11-24,25000000.0
Indiana Jones and the Temple of Doom,cult,179870271,1984-05-23,28000000.0
Cloverfield,cult,80048433,2008-01-18,25000000.0
The Wicker Man,cult,23649127,2006-09-01,40000000.0
Scooby-Doo,cult,153294164,2002-06-14,84000000.0
The Village,cult,114197520,2004-07-30,60000000.0
The Beach,cult,39785027,2000-02-11,50000000.0
The Devil's Rejects,cult,17044981,2005-07-22,7000000.0
Alita: Battle Angel,cyberpunk,85710210,2019-02-14,170000000.0
Blade Runner 2049,cyberpunk,92054159,2017-10-06,150000000.0
Avatar,cyberpunk,749766139,2009-12-18,237000000.0
The Matrix,cyberpunk,171479930,1999-03-31,63000000.0
Inception,cyberpunk,292576195,2010-07-16,160000000.0
Ready Player One,cyberpunk,137690172,2018-03-29,175000000.0
Alien,cyberpunk,78944891,1979-05-25,11000000.0
Terminator 2: Judgment Day,cyberpunk,204843345,1991-07-03,102000000.0
The Terminator,cyberpunk,38371200,1984-10-26,6400000.0
The Hunger Games: Catching Fire,cyberpunk,424668047,2013-11-22,130000000.0
Divergent,cyberpunk,150947895,2014-03-21,85000000.0
The Hunger Games: Mockingjay - Part 2,cyberpunk,281723902,2015-11-20,160000000.0
Minority Report,cyberpunk,132072926,2002-06-21,102000000.0
Oblivion,cyberpunk,89107235,2013-04-19,120000000.0
The Hunger Games: Mockingjay - Part 1,cyberpunk,337135885,2014-11-21,125000000.0
The Matrix Reloaded,cyberpunk,281576461,2003-05-15,150000000.0
Total Recall,cyberpunk,119394840,1990-06-01,65000000.0
Maze Runner: The Death Cure,cyberpunk,58032443,2018-01-26,62000000.0
X-Men: Days of Future Past,cyberpunk,233921534,2014-05-23,200000000.0
Looper,cyberpunk,66486205,2012-09-28,30000000.0
Terminator Salvation,cyberpunk,125322469,2009-05-21,200000000.0
The Matrix Revolutions,cyberpunk,139313948,2003-11-05,150000000.0
In Time,cyberpunk,37520095,2011-10-28,40000000.0
Dredd,cyberpunk,13414714,2012-09-21,50000000.0
A.I. Artificial Intelligence,cyberpunk,78616689,2001-06-29,100000000.0
The Running Man,cyberpunk,38122105,1987-11-13,27000000.0
Elysium,cyberpunk,93050117,2013-08-09,115000000.0
Super Mario Bros.,cyberpunk,20915465,1993-05-28,48000000.0
Total Recall,cyberpunk,119394840,1990-06-01,65000000.0
Maze Runner: The Scorch Trials,cyberpunk,81697192,2015-09-18,61000000.0
The Cell,cyberpunk,61334059,2000-08-18,33000000.0
Assassin's Creed,cyberpunk,54647948,2016-12-21,125000000.0
Alita: Battle Angel,dystopia,85710210,2019-02-14,170000000.0
Blade Runner 2049,dystopia,92054159,2017-10-06,150000000.0
Interstellar,dystopia,188020017,2014-11-05,165000000.0
Watchmen,dystopia,107509799,2009-03-06,130000000.0
The Matrix,dystopia,171479930,1999-03-31,63000000.0
Mad Max: Fury Road,dystopia,153636354,2015-05-15,150000000.0
The Hunger Games,dystopia,408010692,2012-03-23,78000000.0
A Quiet Place,dystopia,188024361,2018-04-06,17000000.0
Ready Player One,dystopia,137690172,2018-03-29,175000000.0
Fight Club,dystopia,37030102,1999-10-15,63000000.0
Terminator 2: Judgment Day,dystopia,204843345,1991-07-03,102000000.0
Solo: A Star Wars Story,dystopia,213767512,2018-05-25,275000000.0
The Terminator,dystopia,38371200,1984-10-26,6400000.0
Mortal Engines,dystopia,15951040,2018-12-14,100000000.0
A Clockwork Orange,dystopia,26589355,1972-02-02,2200000.0
The Hunger Games: Catching Fire,dystopia,424668047,2013-11-22,130000000.0
Divergent,dystopia,150947895,2014-03-21,85000000.0
The Dark Tower,dystopia,50701325,2017-08-04,60000000.0
The Hunger Games: Mockingjay - Part 2,dystopia,281723902,2015-11-20,160000000.0
Black Swan,dystopia,106954678,2010-12-03,13000000.0
The Book of Eli,dystopia,94835059,2010-01-15,80000000.0
Oblivion,dystopia,89107235,2013-04-19,120000000.0
The Hunger Games: Mockingjay - Part 1,dystopia,337135885,2014-11-21,125000000.0
The Time Machine,dystopia,56832494,2002-03-08,80000000.0
V for Vendetta,dystopia,70511035,2006-03-17,54000000.0
The Matrix Reloaded,dystopia,281576461,2003-05-15,150000000.0
Total Recall,dystopia,119394840,1990-06-01,65000000.0
Maze Runner: The Death Cure,dystopia,58032443,2018-01-26,62000000.0
The Lion King,epic,312855561,1994-06-15,45000000.0
Thor: Ragnarok,epic,315058289,2017-11-03,180000000.0
The Dark Knight,epic,533345358,2008-07-18,185000000.0
Interstellar,epic,188020017,2014-11-05,165000000.0
Watchmen,epic,107509799,2009-03-06,130000000.0
Avatar,epic,749766139,2009-12-18,237000000.0
The Godfather,epic,133698921,1972-03-15,6000000.0
Harry Potter and the Sorcerer's Stone,epic,317575550,2001-11-16,125000000.0
Titanic,epic,600788188,1997-12-19,200000000.0
Baby Driver,epic,107825862,2017-06-28,34000000.0
Ready Player One,epic,137690172,2018-03-29,175000000.0
The Lord of the Rings: The Fellowship of the Ring,epic,313364114,2001-12-19,93000000.0
The Dark Knight Rises,epic,448139099,2012-07-20,250000000.0
It,epic,327481748,2017-09-08,35000000.0
Jurassic Park,epic,357067947,1993-06-11,63000000.0
2001: A Space Odyssey,epic,56715371,1968-04-03,12000000.0
Thor,epic,181030624,2011-05-06,150000000.0
Schindler's List,epic,96065768,1993-12-15,22000000.0
Dunkirk,epic,188045546,2017-07-21,100000000.0
Wonder Woman,epic,412563408,2017-06-02,149000000.0
Mortal Engines,epic,15951040,2018-12-14,100000000.0
Captain America: The First Avenger,epic,176654505,2011-07-22,140000000.0
Star Wars: The Last Jedi,epic,620181382,2017-12-15,317000000.0
Saving Private Ryan,epic,216540909,1998-07-24,70000000.0
The Lord of the Rings: The Return of the King,epic,377027325,2003-12-17,94000000.0
300,epic,210614939,2007-03-09,65000000.0
Rogue One: A Star Wars Story,epic,532177324,2016-12-16,200000000.0
The Hunger Games: Mockingjay - Part 2,epic,281723902,2015-11-20,160000000.0
The Golden Compass,epic,70107728,2007-12-07,180000000.0
Batman v Superman: Dawn of Justice,epic,330360194,2016-03-25,250000000.0
Troy,epic,133378256,2004-05-14,175000000.0
Man of Steel,epic,291045518,2013-06-14,225000000.0
X-Men: Apocalypse,epic,155442489,2016-05-27,178000000.0
Charlie's Angels,espionage,125305545,2000-11-03,93000000.0
Mission: Impossible - Fallout,espionage,220159104,2018-07-27,178000000.0
Inception,espionage,292576195,2010-07-16,160000000.0
Red Sparrow,espionage,46874505,2018-03-02,69000000.0
Captain America: Civil War,espionage,408084349,2016-05-06,250000000.0
Mile 22,espionage,36108758,2018-08-17,50000000.0
The Departed,espionage,132384315,2006-10-06,90000000.0
The Fate of the Furious,espionage,226008385,2017-04-14,250000000.0
Captain America: The Winter Soldier,espionage,259766572,2014-04-04,170000000.0
Kingsman: The Secret Service,espionage,128261724,2015-02-13,81000000.0
Furious 7,espionage,353007020,2015-04-03,190000000.0
Atomic Blonde,espionage,51687870,2017-07-28,30000000.0
Kingsman: The Golden Circle,espionage,100234838,2017-09-22,104000000.0
Spectre,espionage,200074609,2015-11-06,245000000.0
Mission: Impossible - Rogue Nation,espionage,195042377,2015-07-31,150000000.0
Transformers: Age of Extinction,espionage,245439076,2014-06-27,210000000.0
Mission: Impossible III,espionage,134029801,2006-05-05,150000000.0
Casino Royale,espionage,167445960,2006-11-17,150000000.0
Zero Dark Thirty,espionage,95720716,2012-12-19,40000000.0
Skyfall,espionage,304360277,2012-11-09,200000000.0
Mission: Impossible - Ghost Protocol,espionage,209397903,2011-12-16,145000000.0
American Assassin,espionage,36249674,2017-09-15,33000000.0
True Lies,espionage,146282411,1994-07-15,115000000.0
Central Intelligence,espionage,127440871,2016-06-17,50000000.0
Mission: Impossible,espionage,180981856,1996-05-22,80000000.0
Jason Bourne,espionage,162434410,2016-07-29,120000000.0
Spy,espionage,110825712,2015-06-05,65000000.0
Mission: Impossible II,espionage,215409889,2000-05-24,125000000.0
Quantum of Solace,espionage,168368427,2008-11-14,200000000.0
The Spy Who Dumped Me,farce,33562069,2018-08-03,40000000.0
The Hangover,farce,277322503,2009-06-05,35000000.0
Baywatch,farce,58060186,2017-05-25,69000000.0
Airplane!,farce,83453539,1980-06-27,3500000.0
Drop Dead Gorgeous,farce,10571408,1999-07-23,15000000.0
Wedding Crashers,farce,209255921,2005-07-15,40000000.0
The Grand Budapest Hotel,farce,59301324,2014-03-07,25000000.0
Game Night,farce,69179066,2018-02-23,37000000.0
Jay and Silent Bob Strike Back,farce,30085147,2001-08-24,22000000.0
The 40-Year-Old Virgin,farce,109449237,2005-08-19,26000000.0
Sex Drive,farce,8402485,2008-10-17,19000000.0
Bad Teacher,farce,100292856,2011-06-24,20000000.0
There's Something About Mary,farce,176484651,1998-07-15,23000000.0
School of Rock,farce,81261177,2003-10-03,35000000.0
Ace Ventura: Pet Detective,farce,72217396,1994-02-04,15000000.0
Burn After Reading,farce,60355347,2008-09-12,37000000.0
Shakespeare in Love,farce,100317794,1998-12-11,25000000.0
Anchorman: The Legend of Ron Burgundy,farce,85288303,2004-07-09,26000000.0
Daddy Day Care,farce,104297061,2003-05-09,60000000.0
Young Frankenstein,farce,86273333,1974-12-15,2800000.0
Kung Fu Hustle,farce,17108591,2005-04-08,20000000.0
The House,farce,25584504,2017-06-30,40000000.0
Date Night,farce,98711404,2010-04-09,55000000.0
The Family Stone,farce,60062868,2005-12-16,18000000.0
The Wedding Date,farce,31726995,2005-02-04,15000000.0
The Lion King,flashback,312855561,1994-06-15,45000000.0
Alita: Battle Angel,flashback,85710210,2019-02-14,170000000.0
First Man,flashback,44936545,2018-10-12,59000000.0
It,flashback,327481748,2017-09-08,35000000.0
Inglourious Basterds,flashback,120540719,2009-08-21,70000000.0
Zombieland,flashback,75590286,2009-10-02,23600000.0
Pulp Fiction,flashback,107928762,1994-10-14,8000000.0
Fantastic Beasts: The Crimes of Grindelwald,flashback,159555901,2018-11-16,200000000.0
Thor: Ragnarok,flashback,315058289,2017-11-03,180000000.0
A Star Is Born,flashback,4335968,1954-09-29,5019770.0
A Simple Favor,flashback,53548586,2018-09-14,20000000.0
Blade Runner 2049,flashback,92054159,2017-10-06,150000000.0
The Shawshank Redemption,flashback,28341469,1994-09-23,25000000.0
The Dark Knight,flashback,533345358,2008-07-18,185000000.0
The Hateful Eight,flashback,54117416,2015-12-25,44000000.0
Interstellar,flashback,188020017,2014-11-05,165000000.0
Watchmen,flashback,107509799,2009-03-06,130000000.0
Django Unchained,flashback,162805434,2012-12-25,100000000.0
Suicide Squad,flashback,325100054,2016-08-05,175000000.0
John Wick,flashback,43037835,2014-10-24,20000000.0
Reservoir Dogs,flashback,2832029,1992-10-23,1200000.0
The Wolf of Wall Street,flashback,116900694,2013-12-25,100000000.0
Deadpool 2,flashback,318491426,2018-05-18,110000000.0
Titanic,flashback,600788188,1997-12-19,200000000.0
Get Out,flashback,176040665,2017-02-24,4500000.0
Guardians of the Galaxy,flashback,333176600,2014-08-01,170000000.0
Batman Begins,flashback,205343774,2005-06-15,150000000.0
Alita: Battle Angel,futuristic,85710210,2019-02-14,170000000.0
Guardians of the Galaxy,futuristic,333176600,2014-08-01,170000000.0
Alien: Covenant,futuristic,74262031,2017-05-19,97000000.0
Solo: A Star Wars Story,futuristic,213767512,2018-05-25,275000000.0
Mortal Engines,futuristic,15951040,2018-12-14,100000000.0
Valerian and the City of a Thousand Planets,futuristic,41189488,2017-07-21,177200000.0
Star Trek Beyond,futuristic,158848340,2016-07-22,185000000.0
Star Trek,futuristic,257730019,2009-05-08,150000000.0
Minority Report,futuristic,132072926,2002-06-21,102000000.0
Independence Day: Resurgence,futuristic,103144286,2016-06-24,165000000.0
The Hunger Games: Mockingjay - Part 1,futuristic,337135885,2014-11-21,125000000.0
Prometheus,futuristic,126477084,2012-06-08,130000000.0
Star Trek Into Darkness,futuristic,228778661,2013-05-16,190000000.0
Big Hero 6,futuristic,222527828,2014-11-07,165000000.0
Street Fighter,futuristic,33423521,1994-12-23,35000000.0
The Space Between Us,futuristic,7885294,2017-02-03,30000000.0
Lost in Space,futuristic,69117629,1998-04-03,80000000.0
Bicentennial Man,futuristic,58223861,1999-12-17,100000000.0
Johnny Mnemonic,futuristic,19075720,1995-05-26,26000000.0
Astro Boy,futuristic,19551067,2009-10-23,65000000.0
The Dark Knight,heist,533345358,2008-07-18,185000000.0
Suicide Squad,heist,325100054,2016-08-05,175000000.0
Reservoir Dogs,heist,2832029,1992-10-23,1200000.0
Inception,heist,292576195,2010-07-16,160000000.0
Baby Driver,heist,107825862,2017-06-28,34000000.0
The Dark Knight Rises,heist,448139099,2012-07-20,250000000.0
Solo: A Star Wars Story,heist,213767512,2018-05-25,275000000.0
Widows,heist,42402632,2018-11-16,42000000.0
Pirates of the Caribbean: Dead Men Tell No Tales,heist,172558876,2017-05-26,230000000.0
The Fast and the Furious,heist,144533925,2001-06-22,38000000.0
The Usual Suspects,heist,23341568,1995-08-18,6000000.0
Furious 7,heist,353007020,2015-04-03,190000000.0
The Town,heist,92186262,2010-09-17,37000000.0
Ant-Man,heist,180202163,2015-07-17,130000000.0
Mission: Impossible III,heist,134029801,2006-05-05,150000000.0
Hell or High Water,heist,27007844,2016-08-12,12000000.0
Die Hard,heist,83008852,1988-07-15,28000000.0
Logan Lucky,heist,27780977,2017-08-18,29000000.0
Fast Five,heist,209837675,2011-04-29,125000000.0
Now You See Me,heist,117723989,2013-05-31,75000000.0
The Great Wall,heist,45540830,2017-02-17,150000000.0
Ocean's Eleven,heist,183417150,2001-12-07,85000000.0
The A-Team,heist,77222099,2010-06-11,110000000.0
Mission: Impossible,heist,180981856,1996-05-22,80000000.0
Inside Man,heist,88513495,2006-03-24,45000000.0
Elysium,heist,93050117,2013-08-09,115000000.0
National Treasure,heist,173008894,2004-11-19,100000000.0
Aladdin,hero,217350219,1992-11-13,28000000.0
Spider-Man: Homecoming,hero,334201140,2017-07-07,175000000.0
The Princess and the Frog,hero,104400899,2009-11-25,105000000.0
The Shawshank Redemption,hero,28341469,1994-09-23,25000000.0
The Dark Knight,hero,533345358,2008-07-18,185000000.0
Watchmen,hero,107509799,2009-03-06,130000000.0
Harry Potter and the Sorcerer's Stone,hero,317575550,2001-11-16,125000000.0
Batman Begins,hero,205343774,2005-06-15,150000000.0
The Matrix,hero,171479930,1999-03-31,63000000.0
Robin Hood,hero,105269730,2010-05-14,200000000.0
The Meg,hero,145443742,2018-08-10,130000000.0
Spider-Man,hero,403706375,2002-05-03,139000000.0
Ready Player One,hero,137690172,2018-03-29,175000000.0
Blade: Trinity,hero,52411906,2004-12-08,65000000.0
Gladiator,hero,187705427,2000-05-05,103000000.0
The Dark Knight Rises,hero,448139099,2012-07-20,250000000.0
The Departed,hero,132384315,2006-10-06,90000000.0
Iron Man,hero,318412101,2008-05-02,140000000.0
It,hero,327481748,2017-09-08,35000000.0
Baywatch,hero,58060186,2017-05-25,69000000.0
Back to the Future,hero,210609762,1985-07-03,19000000.0
Terminator 2: Judgment Day,hero,204843345,1991-07-03,102000000.0
Thor,hero,181030624,2011-05-06,150000000.0
Solo: A Star Wars Story,hero,213767512,2018-05-25,275000000.0
Guardians of the Galaxy Vol. 2,hero,389813101,2017-05-05,200000000.0
Hellboy,hero,59623958,2004-04-02,66000000.0
Schindler's List,hero,96065768,1993-12-15,22000000.0
Spider-Man: Homecoming,idealism,334201140,2017-07-07,175000000.0
The Dark Knight,idealism,533345358,2008-07-18,185000000.0
The Wolf of Wall Street,idealism,116900694,2013-12-25,100000000.0
Batman Begins,idealism,205343774,2005-06-15,150000000.0
Terminator 2: Judgment Day,idealism,204843345,1991-07-03,102000000.0
Wonder Woman,idealism,412563408,2017-06-02,149000000.0
Captain America: The First Avenger,idealism,176654505,2011-07-22,140000000.0
American Pie,idealism,102561004,1999-07-09,11000000.0
The Lord of the Rings: The Return of the King,idealism,377027325,2003-12-17,94000000.0
Hunter Killer,idealism,15767460,2018-10-26,40000000.0
Transformers,idealism,319246193,2007-07-03,150000000.0
Braveheart,idealism,75609945,1995-05-24,72000000.0
The Lord of the Rings: The Two Towers,idealism,339789881,2002-12-18,94000000.0
V for Vendetta,idealism,70511035,2006-03-17,54000000.0
King Arthur: Legend of the Sword,idealism,39175066,2017-05-12,175000000.0
Superman Returns,idealism,200081192,2006-06-28,270000000.0
The Dreamers,idealism,2532228,2004-02-06,15000000.0
The Last Samurai,idealism,111127263,2003-12-05,140000000.0
Jerry Maguire,idealism,153952592,1996-12-13,50000000.0
Children of Men,idealism,35552383,2006-12-25,76000000.0
Superman,idealism,134218018,1978-12-15,55000000.0
Crash,idealism,54580300,2005-05-06,6500000.0
School of Rock,idealism,81261177,2003-10-03,35000000.0
Alexander,idealism,34297191,2004-11-24,155000000.0
Rambo,idealism,42754105,2008-01-25,50000000.0
Hero,idealism,53710019,2004-08-27,31000000.0
Mr. Deeds,idealism,126293452,2002-06-28,50000000.0
The Constant Gardener,idealism,33579797,2005-08-31,25000000.0
Inglourious Basterds,investigation,120540719,2009-08-21,70000000.0
Fantastic Beasts: The Crimes of Grindelwald,investigation,159555901,2018-11-16,200000000.0
Spider-Man: Homecoming,investigation,334201140,2017-07-07,175000000.0
A Simple Favor,investigation,53548586,2018-09-14,20000000.0
Blade Runner 2049,investigation,92054159,2017-10-06,150000000.0
The Dark Knight,investigation,533345358,2008-07-18,185000000.0
Watchmen,investigation,107509799,2009-03-06,130000000.0
The Wolf of Wall Street,investigation,116900694,2013-12-25,100000000.0
Batman Begins,investigation,205343774,2005-06-15,150000000.0
The Silence of the Lambs,investigation,130742922,1991-02-14,19000000.0
Brightburn,investigation,17300439,2019-05-24,6000000.0
Mile 22,investigation,36108758,2018-08-17,50000000.0
The Hangover,investigation,277322503,2009-06-05,35000000.0
Halloween,investigation,47000000,1978-10-25,325000
The Dark Knight Rises,investigation,448139099,2012-07-20,250000000.0
The Departed,investigation,132384315,2006-10-06,90000000.0
It,investigation,327481748,2017-09-08,35000000.0
Baywatch,investigation,58060186,2017-05-25,69000000.0
The Mule,investigation,103804407,2018-12-14,50000000.0
Annihilation,investigation,32732301,2018-02-23,40000000.0
Gone Girl,investigation,167767189,2014-10-03,61000000.0
The Nun,investigation,117450119,2018-09-07,22000000.0
Zodiac,investigation,33080084,2007-03-02,65000000.0
It,kidnapping,327481748,2017-09-08,35000000.0
Fantastic Beasts: The Crimes of Grindelwald,kidnapping,159555901,2018-11-16,200000000.0
Thor: Ragnarok,kidnapping,315058289,2017-11-03,180000000.0
Blade Runner 2049,kidnapping,92054159,2017-10-06,150000000.0
The Dark Knight,kidnapping,533345358,2008-07-18,185000000.0
The Hateful Eight,kidnapping,54117416,2015-12-25,44000000.0
Suicide Squad,kidnapping,325100054,2016-08-05,175000000.0
The Wolf of Wall Street,kidnapping,116900694,2013-12-25,100000000.0
Mission: Impossible - Fallout,kidnapping,220159104,2018-07-27,178000000.0
Deadpool 2,kidnapping,318491426,2018-05-18,110000000.0
Overlord,kidnapping,21704844,2018-11-09,38000000.0
Get Out,kidnapping,176040665,2017-02-24,4500000.0
Guardians of the Galaxy,kidnapping,333176600,2014-08-01,170000000.0
Batman Begins,kidnapping,205343774,2005-06-15,150000000.0
Mad Max: Fury Road,kidnapping,153636354,2015-05-15,150000000.0
Inception,kidnapping,292576195,2010-07-16,160000000.0
The Spy Who Dumped Me,kidnapping,33562069,2018-08-03,40000000.0
Robin Hood,kidnapping,105269730,2010-05-14,200000000.0
The Silence of the Lambs,kidnapping,130742922,1991-02-14,19000000.0
Red Sparrow,kidnapping,46874505,2018-03-02,69000000.0
Ready Player One,kidnapping,137690172,2018-03-29,175000000.0
Captain America: Civil War,kidnapping,408084349,2016-05-06,250000000.0
The Hangover,kidnapping,277322503,2009-06-05,35000000.0
The Dark Knight Rises,kidnapping,448139099,2012-07-20,250000000.0
Iron Man,kidnapping,318412101,2008-05-02,140000000.0
Baywatch,kidnapping,58060186,2017-05-25,69000000.0
Annihilation,kidnapping,32732301,2018-02-23,40000000.0
Thor: Ragnarok,knight,315058289,2017-11-03,180000000.0
Transformers: The Last Knight,knight,130168683,2017-06-21,217000000.0
Thor: The Dark World,knight,206362140,2013-11-08,170000000.0
Harry Potter and the Prisoner of Azkaban,knight,249541069,2004-06-04,130000000.0
Snow White and the Huntsman,knight,155332381,2012-06-01,170000000.0
The Mummy,knight,155385488,1999-05-07,80000000.0
A Knight's Tale,knight,56569702,2001-05-11,65000000.0
King Arthur: Legend of the Sword,knight,39175066,2017-05-12,175000000.0
Indiana Jones and the Last Crusade,knight,197171806,1989-05-24,48000000.0
Kingdom of Heaven,knight,47398413,2005-05-06,130000000.0
Shrek,knight,267665011,2001-05-16,60000000.0
Your Highness,knight,21596445,2011-04-08,49900000.0
The Da Vinci Code,knight,217536138,2006-05-19,125000000.0
National Treasure,knight,173008894,2004-11-19,100000000.0
King Arthur,knight,51882244,2004-07-07,120000000.0
Robin Hood,knight,105269730,2010-05-14,200000000.0
Shrek 2,knight,441226247,2004-05-19,150000000.0
Austin Powers in Goldmember,knight,213307889,2002-07-26,63000000.0
Seventh Son,knight,17223265,2015-02-06,95000000.0
Robin Hood: Prince of Thieves,knight,165493908,1991-06-14,48000000.0
Assassin's Creed,knight,54647948,2016-12-21,125000000.0
Eragon,knight,75030163,2006-12-15,100000000.0
Hotel Transylvania,knight,148313048,2012-09-28,85000000.0
Cars 2,knight,191452396,2011-06-24,200000000.0
Reign of Fire,knight,43061982,2002-07-12,60000000.0
Pulp Fiction,macguffin,107928762,1994-10-14,8000000.0
Blade Runner 2049,macguffin,92054159,2017-10-06,150000000.0
Guardians of the Galaxy,macguffin,333176600,2014-08-01,170000000.0
The Spy Who Dumped Me,macguffin,33562069,2018-08-03,40000000.0
Ready Player One,macguffin,137690172,2018-03-29,175000000.0
Mile 22,macguffin,36108758,2018-08-17,50000000.0
Jumanji: Welcome to the Jungle,macguffin,404515480,2017-12-20,90000000.0
Mortal Engines,macguffin,15951040,2018-12-14,100000000.0
Valerian and the City of a Thousand Planets,macguffin,41189488,2017-07-21,177200000.0
Pirates of the Caribbean: Dead Men Tell No Tales,macguffin,172558876,2017-05-26,230000000.0
Star Trek Beyond,macguffin,158848340,2016-07-22,185000000.0
Batman v Superman: Dawn of Justice,macguffin,330360194,2016-03-25,250000000.0
Transformers,macguffin,319246193,2007-07-03,150000000.0
The Social Network,macguffin,96962694,2010-10-01,40000000.0
Furious 7,macguffin,353007020,2015-04-03,190000000.0
Atomic Blonde,macguffin,51687870,2017-07-28,30000000.0
Raiders of the Lost Ark,macguffin,212222025,1981-06-12,18000000.0
The Nice Guys,macguffin,36261763,2016-05-20,50000000.0
The Mummy,macguffin,155385488,1999-05-07,80000000.0
Mission: Impossible - Rogue Nation,macguffin,195042377,2015-07-31,150000000.0
Game Night,macguffin,69179066,2018-02-23,37000000.0
Mission: Impossible III,macguffin,134029801,2006-05-05,150000000.0
Indiana Jones and the Temple of Doom,macguffin,179870271,1984-05-23,28000000.0
Law Abiding Citizen,macguffin,73357727,2009-10-16,50000000.0
Indiana Jones and the Last Crusade,macguffin,197171806,1989-05-24,48000000.0
Skyfall,macguffin,304360277,2012-11-09,200000000.0
Fast Five,macguffin,209837675,2011-04-29,125000000.0
The Great Wall,macguffin,45540830,2017-02-17,150000000.0
Kindergarten Cop,macguffin,91457688,1990-12-22,15000000.0
Prince of Persia: The Sands of Time,macguffin,90759676,2010-05-28,200000000.0
Skyscraper,macguffin,68420120,2018-07-13,125000000.0
Children of Men,macguffin,35552383,2006-12-25,76000000.0
Central Intelligence,macguffin,127440871,2016-06-17,50000000.0
The Last Witch Hunter,macguffin,27367660,2015-10-23,90000000.0
Drop Dead Gorgeous,mockumentary,10571408,1999-07-23,15000000.0
Talladega Nights: The Ballad of Ricky Bobby,mockumentary,148213377,2006-08-04,72500000.0
District 9,mockumentary,115646235,2009-08-14,30000000.0
The Blair Witch Project,mockumentary,140539099,1999-07-16,60000
Apollo 18,mockumentary,17687709,2011-09-02,5000000.0
Borat: Cultural Learnings of America for Make Benefit Glorious Nation of Kazakhstan,mockumentary,128505958,2006-11-03,18000000.0
The Visit,mockumentary,65206105,2015-09-11,5000000.0
Paranormal Activity,mockumentary,107918810,2009-09-25,15000
Best in Show,mockumentary,18715392,2000-09-29,10000000.0
Quarantine,mockumentary,31691811,2008-10-10,12000000.0
Paranormal Activity 2,mockumentary,84752907,2010-10-22,3000000.0
Waiting for Guffman,mockumentary,2923982,1997-01-31,4000000.0
Paranormal Activity 3,mockumentary,104028807,2011-10-21,5000000.0
It,monster,327481748,2017-09-08,35000000.0
Fantastic Beasts: The Crimes of Grindelwald,monster,159555901,2018-11-16,200000000.0
Thor: Ragnarok,monster,315058289,2017-11-03,180000000.0
Avatar,monster,749766139,2009-12-18,237000000.0
Suicide Squad,monster,325100054,2016-08-05,175000000.0
Harry Potter and the Sorcerer's Stone,monster,317575550,2001-11-16,125000000.0
Overlord,monster,21704844,2018-11-09,38000000.0
The Hunger Games,monster,408010692,2012-03-23,78000000.0
A Quiet Place,monster,188024361,2018-04-06,17000000.0
The Lord of the Rings: The Fellowship of the Ring,monster,313364114,2001-12-19,93000000.0
Alien,monster,78944891,1979-05-25,11000000.0
It,monster,327481748,2017-09-08,35000000.0
Jurassic Park,monster,357067947,1993-06-11,63000000.0
Alien: Covenant,monster,74262031,2017-05-19,97000000.0
Annihilation,monster,32732301,2018-02-23,40000000.0
Thor,monster,181030624,2011-05-06,150000000.0
Split,monster,138291365,2017-01-20,9000000.0
Kong: Skull Island,monster,168052812,2017-03-10,185000000.0
Solo: A Star Wars Story,monster,213767512,2018-05-25,275000000.0
Guardians of the Galaxy Vol. 2,monster,389813101,2017-05-05,200000000.0
Beauty and the Beast,monster,145863363,1991-11-15,25000000.0
Hellboy,monster,59623958,2004-04-02,66000000.0
Jurassic World: Fallen Kingdom,monster,417719760,2018-06-22,170000000.0
Valerian and the City of a Thousand Planets,monster,41189488,2017-07-21,177200000.0
The Lord of the Rings: The Return of the King,monster,377027325,2003-12-17,94000000.0
Jaws,monster,260000000,1975-06-20,7000000.0
Scott Pilgrim vs. the World,monster,31524275,2010-08-13,60000000.0
The Lion King,murder,312855561,1994-06-15,45000000.0
It,murder,327481748,2017-09-08,35000000.0
Us,murder,175005930,2019-03-22,20000000.0
Inglourious Basterds,murder,120540719,2009-08-21,70000000.0
Pulp Fiction,murder,107928762,1994-10-14,8000000.0
Fantastic Beasts: The Crimes of Grindelwald,murder,159555901,2018-11-16,200000000.0
Thor: Ragnarok,murder,315058289,2017-11-03,180000000.0
A Simple Favor,murder,53548586,2018-09-14,20000000.0
Blade Runner 2049,murder,92054159,2017-10-06,150000000.0
The Shawshank Redemption,murder,28341469,1994-09-23,25000000.0
The Dark Knight,murder,533345358,2008-07-18,185000000.0
The Hateful Eight,murder,54117416,2015-12-25,44000000.0
Batman Begins,ninja,205343774,2005-06-15,150000000.0
Ready Player One,ninja,137690172,2018-03-29,175000000.0
Scott Pilgrim vs. the World,ninja,31524275,2010-08-13,60000000.0
The Last Samurai,ninja,111127263,2003-12-05,140000000.0
Pineapple Express,ninja,87341380,2008-08-06,27000000.0
G.I. Joe: The Rise of Cobra,ninja,150201498,2009-08-07,175000000.0
Elektra,ninja,24409722,2005-01-14,43000000.0
Teenage Mutant Ninja Turtles,ninja,135265915,1990-03-30,13500000.0
Teenage Mutant Ninja Turtles: Out of the Shadows,ninja,82051601,2016-06-03,135000000.0
G.I. Joe: Retaliation,ninja,122523060,2013-03-28,130000000.0
Teenage Mutant Ninja Turtles,ninja,135265915,1990-03-30,13500000.0
The Wolverine,ninja,132556852,2013-07-26,120000000.0
Dumb and Dumber To,ninja,86208010,2014-11-14,40000000.0
George of the Jungle,ninja,105263257,1997-07-18,55000000.0
The Green Hornet,ninja,98780042,2011-01-14,120000000.0
Ninja Assassin,ninja,38122883,2009-11-25,40000000.0
Speed Racer,ninja,43945766,2008-05-09,120000000.0
Flushed Away,ninja,64665672,2006-11-03,149000000.0
The Man with the Iron Fists,ninja,15634090,2012-11-02,15000000.0
The Master of Disguise,ninja,40388794,2002-08-02,16000000.0
Annabelle,parenthood,84273813,2014-10-03,6500000.0
Jurassic Park III,parenthood,181171875,2001-07-18,93000000.0
Home Again,parenthood,27020284,2017-09-08,12000000.0
Big Daddy,parenthood,163479795,1999-06-25,34200000.0
Secrets & Lies,parenthood,13417292,1996-09-28,4500000.0
The Forgotten,parenthood,67133509,2004-09-24,42000000.0
The Deep End of the Ocean,parenthood,13898649,1999-03-12,38000000.0
The Banger Sisters,parenthood,30307416,2002-09-20,10000000.0
Being Human,parenthood,1519366,1994-05-06,40000000.0
My Baby's Daddy,parenthood,17669317,2004-01-09,12000000.0
Deadpool 2,parody,318491426,2018-05-18,110000000.0
Baywatch,parody,58060186,2017-05-25,69000000.0
Deadpool,parody,363070709,2016-02-12,58000000.0
Airplane!,parody,83453539,1980-06-27,3500000.0
Tropic Thunder,parody,110515313,2008-08-13,92000000.0
Megamind,parody,148415853,2010-11-05,130000000.0
Not Another Teen Movie,parody,38252284,2001-12-14,15000000.0
Johnny English Strikes Again,parody,4412170,2018-10-26,25000000.0
21 Jump Street,parody,138447667,2012-03-16,42000000.0
Enchanted,parody,127807262,2007-11-21,85000000.0
Sausage Party,parody,97685686,2016-08-12,19000000.0
Paul Blart: Mall Cop,parody,146336178,2009-01-16,26000000.0
Your Highness,parody,21596445,2011-04-08,49900000.0
Spy,parody,110825712,2015-06-05,65000000.0
Wreck-It Ralph,parody,189422889,2012-11-02,165000000.0
Spy Kids,parody,112719001,2001-03-30,35000000.0
Wayne's World,parody,121697323,1992-02-14,20000000.0
Zombieland,post-apocalypse,75590286,2009-10-02,23600000.0
The Matrix,post-apocalypse,171479930,1999-03-31,63000000.0
Mad Max: Fury Road,post-apocalypse,153636354,2015-05-15,150000000.0
The Hunger Games,post-apocalypse,408010692,2012-03-23,78000000.0
A Quiet Place,post-apocalypse,188024361,2018-04-06,17000000.0
Terminator 2: Judgment Day,post-apocalypse,204843345,1991-07-03,102000000.0
The Terminator,post-apocalypse,38371200,1984-10-26,6400000.0
Mortal Engines,post-apocalypse,15951040,2018-12-14,100000000.0
The Hunger Games: Catching Fire,post-apocalypse,424668047,2013-11-22,130000000.0
The Dark Tower,post-apocalypse,50701325,2017-08-04,60000000.0
The Hunger Games: Mockingjay - Part 2,post-apocalypse,281723902,2015-11-20,160000000.0
Waterworld,post-apocalypse,88246220,1995-07-28,175000000.0
The Book of Eli,post-apocalypse,94835059,2010-01-15,80000000.0
Oblivion,post-apocalypse,89107235,2013-04-19,120000000.0
The Hunger Games: Mockingjay - Part 1,post-apocalypse,337135885,2014-11-21,125000000.0
The Time Machine,post-apocalypse,56832494,2002-03-08,80000000.0
The Matrix Reloaded,post-apocalypse,281576461,2003-05-15,150000000.0
Maze Runner: The Death Cure,post-apocalypse,58032443,2018-01-26,62000000.0
X-Men: Days of Future Past,post-apocalypse,233921534,2014-05-23,200000000.0
The Darkest Minds,post-apocalypse,12695691,2018-08-03,34000000.0
Terminator Salvation,post-apocalypse,125322469,2009-05-21,200000000.0
I Am Legend,post-apocalypse,256393010,2007-12-14,150000000.0
The Matrix Revolutions,post-apocalypse,139313948,2003-11-05,150000000.0
Pulp Fiction,postmodern,107928762,1994-10-14,8000000.0
Watchmen,postmodern,107509799,2009-03-06,130000000.0
Fight Club,postmodern,37030102,1999-10-15,63000000.0
American Gangster,postmodern,130164645,2007-11-02,100000000.0
Payback,postmodern,81526121,1999-02-05,90000000.0
It,psychopath,327481748,2017-09-08,35000000.0
Inglourious Basterds,psychopath,120540719,2009-08-21,70000000.0
Pulp Fiction,psychopath,107928762,1994-10-14,8000000.0
The Dark Knight,psychopath,533345358,2008-07-18,185000000.0
Watchmen,psychopath,107509799,2009-03-06,130000000.0
Avatar,psychopath,749766139,2009-12-18,237000000.0
Suicide Squad,psychopath,325100054,2016-08-05,175000000.0
Reservoir Dogs,psychopath,2832029,1992-10-23,1200000.0
Get Out,psychopath,176040665,2017-02-24,4500000.0
Batman Begins,psychopath,205343774,2005-06-15,150000000.0
Baby Driver,psychopath,107825862,2017-06-28,34000000.0
The Silence of the Lambs,psychopath,130742922,1991-02-14,19000000.0
Red Sparrow,psychopath,46874505,2018-03-02,69000000.0
Halloween,psychopath,47000000,1978-10-25,325000
The Dark Knight Rises,psychopath,448139099,2012-07-20,250000000.0
It,psychopath,327481748,2017-09-08,35000000.0
The Shining,psychopath,44017374,1980-05-23,19000000.0
Alien: Covenant,psychopath,74262031,2017-05-19,97000000.0
Terminator 2: Judgment Day,psychopath,204843345,1991-07-03,102000000.0
Gone Girl,psychopath,167767189,2014-10-03,61000000.0
Split,psychopath,138291365,2017-01-20,9000000.0
Guardians of the Galaxy Vol. 2,psychopath,389813101,2017-05-05,200000000.0
Schindler's List,psychopath,96065768,1993-12-15,22000000.0
Wonder Woman,psychopath,412563408,2017-06-02,149000000.0
Captain America: The First Avenger,psychopath,176654505,2011-07-22,140000000.0
Shutter Island,psychopath,128012934,2010-02-19,80000000.0
A Clockwork Orange,psychopath,26589355,1972-02-02,2200000.0
The Lion King,redemption,312855561,1994-06-15,45000000.0
Bohemian Rhapsody,redemption,216428042,2018-11-02,52000000.0
Pulp Fiction,redemption,107928762,1994-10-14,8000000.0
Fantastic Beasts: The Crimes of Grindelwald,redemption,159555901,2018-11-16,200000000.0
Thor: Ragnarok,redemption,315058289,2017-11-03,180000000.0
A Star Is Born,redemption,4335968,1954-09-29,5019770.0
The Shawshank Redemption,redemption,28341469,1994-09-23,25000000.0
Watchmen,redemption,107509799,2009-03-06,130000000.0
Avatar,redemption,749766139,2009-12-18,237000000.0
Suicide Squad,redemption,325100054,2016-08-05,175000000.0
Batman Begins,redemption,205343774,2005-06-15,150000000.0
Mad Max: Fury Road,redemption,153636354,2015-05-15,150000000.0
Inception,redemption,292576195,2010-07-16,160000000.0
The Meg,redemption,145443742,2018-08-10,130000000.0
Spider-Man,redemption,403706375,2002-05-03,139000000.0
Ready Player One,redemption,137690172,2018-03-29,175000000.0
Captain America: Civil War,redemption,408084349,2016-05-06,250000000.0
The Lord of the Rings: The Fellowship of the Ring,redemption,313364114,2001-12-19,93000000.0
Gladiator,redemption,187705427,2000-05-05,103000000.0
Halloween,redemption,47000000,1978-10-25,325000
The Dark Knight Rises,redemption,448139099,2012-07-20,250000000.0
Iron Man,redemption,318412101,2008-05-02,140000000.0
Baywatch,redemption,58060186,2017-05-25,69000000.0
The Mule,redemption,103804407,2018-12-14,50000000.0
Terminator 2: Judgment Day,redemption,204843345,1991-07-03,102000000.0
Annihilation,redemption,32732301,2018-02-23,40000000.0
Guardians of the Galaxy Vol. 2,redemption,389813101,2017-05-05,200000000.0
Beauty and the Beast,redemption,145863363,1991-11-15,25000000.0
Aladdin,remake,217350219,1992-11-13,28000000.0
A Star Is Born,remake,4335968,1954-09-29,5019770.0
Charlie's Angels,remake,125305545,2000-11-03,93000000.0
The Upside,remake,108252517,2019-01-11,37500000.0
West Side Story,remake,43656822,1961-10-18,6000000.0
The Departed,remake,132384315,2006-10-06,90000000.0
Baywatch,remake,58060186,2017-05-25,69000000.0
Beauty and the Beast,remake,145863363,1991-11-15,25000000.0
Widows,remake,42402632,2018-11-16,42000000.0
Charlie and the Chocolate Factory,remake,206459076,2005-07-15,150000000.0
Transformers,remake,319246193,2007-07-03,150000000.0
Man of Steel,remake,291045518,2013-06-14,225000000.0
The Equalizer,remake,101530738,2014-09-26,55000000.0
Fantastic Four,remake,56117548,2015-08-07,120000000.0
The Mummy,remake,155385488,1999-05-07,80000000.0
True Grit,remake,171243005,2010-12-22,38000000.0
The Mummy,remake,155385488,1999-05-07,80000000.0
The Girl with the Dragon Tattoo,remake,10095170,2010-03-19,13000000.0
The Lion King,rescue,312855561,1994-06-15,45000000.0
It,rescue,327481748,2017-09-08,35000000.0
Pulp Fiction,rescue,107928762,1994-10-14,8000000.0
Fantastic Beasts: The Crimes of Grindelwald,rescue,159555901,2018-11-16,200000000.0
Spider-Man: Homecoming,rescue,334201140,2017-07-07,175000000.0
Thor: Ragnarok,rescue,315058289,2017-11-03,180000000.0
Blade Runner 2049,rescue,92054159,2017-10-06,150000000.0
The Dark Knight,rescue,533345358,2008-07-18,185000000.0
The Hateful Eight,rescue,54117416,2015-12-25,44000000.0
Interstellar,rescue,188020017,2014-11-05,165000000.0
Watchmen,rescue,107509799,2009-03-06,130000000.0
Avatar,rescue,749766139,2009-12-18,237000000.0
Django Unchained,rescue,162805434,2012-12-25,100000000.0
Suicide Squad,rescue,325100054,2016-08-05,175000000.0
The Wolf of Wall Street,rescue,116900694,2013-12-25,100000000.0
Mission: Impossible - Fallout,rescue,220159104,2018-07-27,178000000.0
Deadpool 2,rescue,318491426,2018-05-18,110000000.0
Harry Potter and the Sorcerer's Stone,rescue,317575550,2001-11-16,125000000.0
Titanic,rescue,600788188,1997-12-19,200000000.0
Overlord,rescue,21704844,2018-11-09,38000000.0
Get Out,rescue,176040665,2017-02-24,4500000.0
Guardians of the Galaxy,rescue,333176600,2014-08-01,170000000.0
Batman Begins,rescue,205343774,2005-06-15,150000000.0
The Matrix,rescue,171479930,1999-03-31,63000000.0
Glass,rescue,111035005,2019-01-18,20000000.0
Mad Max: Fury Road,rescue,153636354,2015-05-15,150000000.0
Inception,rescue,292576195,2010-07-16,160000000.0
Baby Driver,rescue,107825862,2017-06-28,34000000.0
The Spy Who Dumped Me,rescue,33562069,2018-08-03,40000000.0
Robin Hood,rescue,105269730,2010-05-14,200000000.0
Aladdin,robbery,217350219,1992-11-13,28000000.0
Zombieland,robbery,75590286,2009-10-02,23600000.0
Pulp Fiction,robbery,107928762,1994-10-14,8000000.0
Spider-Man: Homecoming,robbery,334201140,2017-07-07,175000000.0
The Dark Knight,robbery,533345358,2008-07-18,185000000.0
Django Unchained,robbery,162805434,2012-12-25,100000000.0
Suicide Squad,robbery,325100054,2016-08-05,175000000.0
Reservoir Dogs,robbery,2832029,1992-10-23,1200000.0
Batman Begins,robbery,205343774,2005-06-15,150000000.0
Baby Driver,robbery,107825862,2017-06-28,34000000.0
Robin Hood,robbery,105269730,2010-05-14,200000000.0
Spider-Man,robbery,403706375,2002-05-03,139000000.0
Captain America: Civil War,robbery,408084349,2016-05-06,250000000.0
The Dark Knight Rises,robbery,448139099,2012-07-20,250000000.0
The Departed,robbery,132384315,2006-10-06,90000000.0
Gone Girl,robbery,167767189,2014-10-03,61000000.0
Solo: A Star Wars Story,robbery,213767512,2018-05-25,275000000.0
Guardians of the Galaxy Vol. 2,robbery,389813101,2017-05-05,200000000.0
Superbad,robbery,121463226,2007-08-17,20000000.0
Zodiac,robbery,33080084,2007-03-02,65000000.0
Widows,robbery,42402632,2018-11-16,42000000.0
Valerian and the City of a Thousand Planets,robbery,41189488,2017-07-21,177200000.0
A Clockwork Orange,robbery,26589355,1972-02-02,2200000.0
Spider-Man 3,robbery,336530303,2007-05-04,258000000.0
The Fast and the Furious,robbery,144533925,2001-06-22,38000000.0
The Amazing Spider-Man,robbery,262030663,2012-07-03,230000000.0
Aladdin,robbery,217350219,1992-11-13,28000000.0
The Usual Suspects,robbery,23341568,1995-08-18,6000000.0
Nightcrawler,robbery,32381217,2014-10-31,8500000.0
We're the Millers,robbery,150394119,2013-08-07,37000000.0
Spider-Man 2,robbery,373585825,2004-06-30,200000000.0
Van Helsing,robbery,120177084,2004-05-07,160000000.0
Blade Runner 2049,robot,92054159,2017-10-06,150000000.0
Interstellar,robot,188020017,2014-11-05,165000000.0
Avatar,robot,749766139,2009-12-18,237000000.0
The Matrix,robot,171479930,1999-03-31,63000000.0
Ready Player One,robot,137690172,2018-03-29,175000000.0
Captain America: Civil War,robot,408084349,2016-05-06,250000000.0
Alien,robot,78944891,1979-05-25,11000000.0
Iron Man,robot,318412101,2008-05-02,140000000.0
Jurassic Park,robot,357067947,1993-06-11,63000000.0
Alien: Covenant,robot,74262031,2017-05-19,97000000.0
Terminator 2: Judgment Day,robot,204843345,1991-07-03,102000000.0
Solo: A Star Wars Story,robot,213767512,2018-05-25,275000000.0
Guardians of the Galaxy Vol. 2,robot,389813101,2017-05-05,200000000.0
Avengers: Age of Ultron,robot,459005868,2015-05-01,250000000.0
The Terminator,robot,38371200,1984-10-26,6400000.0
Mortal Engines,robot,15951040,2018-12-14,100000000.0
Transformers: The Last Knight,robot,130168683,2017-06-21,217000000.0
Valerian and the City of a Thousand Planets,robot,41189488,2017-07-21,177200000.0
Bumblebee,robot,127195589,2018-12-21,135000000.0
Rogue One: A Star Wars Story,robot,532177324,2016-12-16,200000000.0
The Incredibles,robot,261441092,2004-11-05,92000000.0
Iron Man 3,robot,409013994,2013-05-03,200000000.0
The Golden Compass,robot,70107728,2007-12-07,180000000.0
Transformers,robot,319246193,2007-07-03,150000000.0
Megamind,robot,148415853,2010-11-05,130000000.0
Iron Man 2,robot,312433331,2010-05-07,200000000.0
Man of Steel,robot,291045518,2013-06-14,225000000.0
X-Men: Apocalypse,robot,155442489,2016-05-27,178000000.0
Kingsman: The Golden Circle,robot,100234838,2017-09-22,104000000.0
Who Framed Roger Rabbit,rotoscoping,156452370,1988-06-24,70000000.0
The Love Guru,rotoscoping,32235793,2008-06-20,62000000.0
Monster House,rotoscoping,73661010,2006-07-21,75000000.0
Peter Pan,rotoscoping,48462608,2003-12-25,100000000.0
The Polar Express,rotoscoping,162775358,2004-11-10,165000000.0
Gulliver's Travels,rotoscoping,42779261,2010-12-25,112000000.0
Renaissance,rotoscoping,70644,2006-09-22,18000000.0
Superman,rotoscoping,134218018,1978-12-15,55000000.0
Inglourious Basterds,satire,120540719,2009-08-21,70000000.0
Watchmen,satire,107509799,2009-03-06,130000000.0
The Wolf of Wall Street,satire,116900694,2013-12-25,100000000.0
Get Out,satire,176040665,2017-02-24,4500000.0
Fight Club,satire,37030102,1999-10-15,63000000.0
American Beauty,satire,130096601,1999-09-15,15000000.0
A Clockwork Orange,satire,26589355,1972-02-02,2200000.0
Deadpool,satire,363070709,2016-02-12,58000000.0
American Psycho,satire,15070285,2000-04-14,7000000.0
The Hunger Games: Catching Fire,satire,424668047,2013-11-22,130000000.0
Mean Girls,satire,86058055,2004-04-30,17000000.0
Airplane!,satire,83453539,1980-06-27,3500000.0
Love Actually,satire,59696144,2003-11-07,40000000.0
The Incredibles,satire,261441092,2004-11-05,92000000.0
Tropic Thunder,satire,110515313,2008-08-13,92000000.0
Megamind,satire,148415853,2010-11-05,130000000.0
Batman,satire,251188924,1989-06-23,35000000.0
Nightcrawler,satire,32381217,2014-10-31,8500000.0
Men in Black,satire,250690539,1997-07-02,90000000.0
Kingsman: The Golden Circle,satire,100234838,2017-09-22,104000000.0
Inglourious Basterds,shootout,120540719,2009-08-21,70000000.0
Pulp Fiction,shootout,107928762,1994-10-14,8000000.0
Thor: Ragnarok,shootout,315058289,2017-11-03,180000000.0
Shaft,shootout,70334258,2000-06-16,46000000.0
Blade Runner 2049,shootout,92054159,2017-10-06,150000000.0
The Dark Knight,shootout,533345358,2008-07-18,185000000.0
The Hateful Eight,shootout,54117416,2015-12-25,44000000.0
Avatar,shootout,749766139,2009-12-18,237000000.0
Django Unchained,shootout,162805434,2012-12-25,100000000.0
Suicide Squad,shootout,325100054,2016-08-05,175000000.0
John Wick,shootout,43037835,2014-10-24,20000000.0
Reservoir Dogs,shootout,2832029,1992-10-23,1200000.0
Mission: Impossible - Fallout,shootout,220159104,2018-07-27,178000000.0
Deadpool 2,shootout,318491426,2018-05-18,110000000.0
Overlord,shootout,21704844,2018-11-09,38000000.0
Guardians of the Galaxy,shootout,333176600,2014-08-01,170000000.0
Batman Begins,shootout,205343774,2005-06-15,150000000.0
The Matrix,shootout,171479930,1999-03-31,63000000.0
Mad Max: Fury Road,shootout,153636354,2015-05-15,150000000.0
Inception,shootout,292576195,2010-07-16,160000000.0
Baby Driver,shootout,107825862,2017-06-28,34000000.0
The Spy Who Dumped Me,shootout,33562069,2018-08-03,40000000.0
The Silence of the Lambs,shootout,130742922,1991-02-14,19000000.0
Ready Player One,shootout,137690172,2018-03-29,175000000.0
Captain America: Civil War,shootout,408084349,2016-05-06,250000000.0
Blade: Trinity,shootout,52411906,2004-12-08,65000000.0
Mile 22,shootout,36108758,2018-08-17,50000000.0
The Dark Knight Rises,shootout,448139099,2012-07-20,250000000.0
The Departed,shootout,132384315,2006-10-06,90000000.0
Iron Man,shootout,318412101,2008-05-02,140000000.0
Baywatch,shootout,58060186,2017-05-25,69000000.0
Halloween,slasher,47000000,1978-10-25,325000
The Shining,slasher,44017374,1980-05-23,19000000.0
Split,slasher,138291365,2017-01-20,9000000.0
American Psycho,slasher,15070285,2000-04-14,7000000.0
Psycho,slasher,32000000,1960-06-16,806947
Happy Death Day,slasher,55683845,2017-10-13,4800000.0
Happy Death Day 2U,slasher,28051045,2019-02-13,9000000.0
The Green Inferno,slasher,7192291,2015-09-25,5000000.0
Natural Born Killers,slasher,50282766,1994-08-26,34000000.0
Halloween,slasher,47000000,1978-10-25,325000
Saw,slasher,55185045,2004-10-29,1200000.0
Hollow Man,slasher,73209340,2000-08-04,95000000.0
Disturbia,slasher,80209692,2007-04-13,20000000.0
The Hills Have Eyes,slasher,41778863,2006-03-10,15000000.0
The Devil's Rejects,slasher,17044981,2005-07-22,7000000.0
Hostel,slasher,47326473,2006-01-06,4800000.0
Final Destination,slasher,53331147,2000-03-17,23000000.0
Jigsaw,slasher,38052832,2017-10-27,10000000.0
Truth or Dare,slasher,41411015,2018-04-13,3500000.0
Ghost Ship,slasher,30113491,2002-10-25,20000000.0
The First Purge,slasher,69488745,2018-07-04,13000000.0
The Texas Chainsaw Massacre,slasher,80571655,2003-10-17,9500000.0
Wrong Turn,slasher,15418790,2003-05-30,12600000.0
Jennifer's Body,slasher,16204793,2009-09-18,16000000.0
The Lion King,spirituality,312855561,1994-06-15,45000000.0
Doctor Strange,spirituality,232641920,2016-11-04,165000000.0
Star Wars: The Last Jedi,spirituality,620181382,2017-12-15,317000000.0
The Revenant,spirituality,183637894,2015-12-25,135000000.0
The Green Mile,spirituality,136801374,1999-12-10,60000000.0
The Sixth Sense,spirituality,293506292,1999-08-06,40000000.0
The Last Samurai,spirituality,111127263,2003-12-05,140000000.0
Alpha,spirituality,35857181,2018-08-17,51000000.0
The Matrix Revolutions,spirituality,139313948,2003-11-05,150000000.0
The Last Airbender,spirituality,131772187,2010-07-01,150000000.0
The Lion King,spirituality,312855561,1994-06-15,45000000.0
Star Wars: Episode II - Attack of the Clones,spirituality,302191252,2002-05-16,115000000.0
Dogville,spirituality,1535286,2004-03-26,10000000.0
The Thin Red Line,spirituality,36400491,1998-12-25,52000000.0
Priest,spirituality,29136626,2011-05-13,60000000.0
Before Sunset,spirituality,5820649,2004-07-02,2700000.0
The Lone Ranger,spirituality,89302115,2013-07-03,215000000.0
The Fountain,spirituality,10144010,2006-11-22,35000000.0
What Dreams May Come,spirituality,55382927,1998-10-02,85000000.0
The Hundred-Foot Journey,spirituality,54240821,2014-08-08,22000000.0
Man on the Moon,spirituality,34607430,1999-12-22,82000000.0
Varsity Blues,spirituality,52894169,1999-01-15,16000000.0
Risen,spirituality,36880033,2016-02-19,20000000.0
Baywatch,spoof,58060186,2017-05-25,69000000.0
Airplane!,spoof,83453539,1980-06-27,3500000.0
Tropic Thunder,spoof,110515313,2008-08-13,92000000.0
Not Another Teen Movie,spoof,38252284,2001-12-14,15000000.0
Johnny English Strikes Again,spoof,4412170,2018-10-26,25000000.0
Machete,spoof,26593646,2010-09-03,10500000.0
Enchanted,spoof,127807262,2007-11-21,85000000.0
Sausage Party,spoof,97685686,2016-08-12,19000000.0
Dark Shadows,spoof,79727149,2012-05-11,150000000.0
Your Highness,spoof,21596445,2011-04-08,49900000.0
Spy,spoof,110825712,2015-06-05,65000000.0
Wreck-It Ralph,spoof,189422889,2012-11-02,165000000.0
Austin Powers: International Man of Mystery,spoof,53883989,1997-05-02,16500000.0
Scary Movie,spoof,157019771,2000-07-07,19000000.0
Tank Girl,spoof,4064495,1995-03-31,25000000.0
Austin Powers in Goldmember,spoof,213307889,2002-07-26,63000000.0
Galaxy Quest,spoof,71583916,1999-12-25,45000000.0
Get Smart,spoof,130319208,2008-06-20,80000000.0
Fantastic Beasts: The Crimes of Grindelwald,steampunk,159555901,2018-11-16,200000000.0
Overlord,steampunk,21704844,2018-11-09,38000000.0
Robin Hood,steampunk,105269730,2010-05-14,200000000.0
Hellboy,steampunk,59623958,2004-04-02,66000000.0
Wonder Woman,steampunk,412563408,2017-06-02,149000000.0
Mortal Engines,steampunk,15951040,2018-12-14,100000000.0
Captain America: The First Avenger,steampunk,176654505,2011-07-22,140000000.0
The Prestige,steampunk,53089891,2006-10-20,40000000.0
Hellboy II: The Golden Army,steampunk,75986503,2008-07-11,85000000.0
Waterworld,steampunk,88246220,1995-07-28,175000000.0
Van Helsing,steampunk,120177084,2004-05-07,160000000.0
The Time Machine,steampunk,56832494,2002-03-08,80000000.0
John Carter,steampunk,73078100,2012-03-09,250000000.0
Sucker Punch,steampunk,36392502,2011-03-25,82000000.0
Sleepy Hollow,steampunk,101071502,1999-11-19,100000000.0
Beauty and the Beast,steampunk,145863363,1991-11-15,25000000.0
Pirates of the Caribbean: Dead Man's Chest,steampunk,423315812,2006-07-07,225000000.0
Pirates of the Caribbean: At World's End,steampunk,309420425,2007-05-25,300000000.0
The League of Extraordinary Gentlemen,steampunk,66465204,2003-07-11,78000000.0
The Time Machine,steampunk,56832494,2002-03-08,80000000.0
Pan,steampunk,35088320,2015-10-09,150000000.0
Atlantis: The Lost Empire,steampunk,84056472,2001-06-08,120000000.0
Treasure Planet,steampunk,38176783,2002-11-27,140000000.0
The Illusionist,steampunk,39868642,2006-08-18,16500000.0
9,steampunk,31749894,2009-09-09,30000000.0
Wild Wild West,steampunk,113804681,1999-06-30,170000000.0
Jonah Hex,steampunk,10547117,2010-06-18,47000000.0
Mary Shelley's Frankenstein,steampunk,22006296,1994-11-04,45000000.0
Shazam!,superhero,140371656,2019-04-05,100000000.0
Hellboy,superhero,59623958,2004-04-02,66000000.0
Spider-Man: Homecoming,superhero,334201140,2017-07-07,175000000.0
Thor: Ragnarok,superhero,315058289,2017-11-03,180000000.0
The Dark Knight,superhero,533345358,2008-07-18,185000000.0
Watchmen,superhero,107509799,2009-03-06,130000000.0
Suicide Squad,superhero,325100054,2016-08-05,175000000.0
Deadpool 2,superhero,318491426,2018-05-18,110000000.0
Guardians of the Galaxy,superhero,333176600,2014-08-01,170000000.0
Batman Begins,superhero,205343774,2005-06-15,150000000.0
Glass,superhero,111035005,2019-01-18,20000000.0
Brightburn,superhero,17300439,2019-05-24,6000000.0
Spider-Man,superhero,403706375,2002-05-03,139000000.0
Guardians of the Galaxy,swashbuckler,333176600,2014-08-01,170000000.0
Solo: A Star Wars Story,swashbuckler,213767512,2018-05-25,275000000.0
Guardians of the Galaxy Vol. 2,swashbuckler,389813101,2017-05-05,200000000.0
Pirates of the Caribbean: Dead Men Tell No Tales,swashbuckler,172558876,2017-05-26,230000000.0
The Legend of Tarzan,swashbuckler,126643061,2016-07-01,180000000.0
Hook,swashbuckler,119654823,1991-12-11,70000000.0
Pirates of the Caribbean: The Curse of the Black Pearl,swashbuckler,305413918,2003-07-09,140000000.0
The Mummy,swashbuckler,155385488,1999-05-07,80000000.0
John Carter,swashbuckler,73078100,2012-03-09,250000000.0
The Count of Monte Cristo,swashbuckler,54234062,2002-01-25,35000000.0
Prince of Persia: The Sands of Time,swashbuckler,90759676,2010-05-28,200000000.0
Pirates of the Caribbean: On Stranger Tides,swashbuckler,241071802,2011-05-20,250000000.0
Pirates of the Caribbean: Dead Man's Chest,swashbuckler,423315812,2006-07-07,225000000.0
Peter Pan,swashbuckler,48462608,2003-12-25,100000000.0
Robin Hood: Prince of Thieves,swashbuckler,165493908,1991-06-14,48000000.0
Pirates of the Caribbean: At World's End,swashbuckler,309420425,2007-05-25,300000000.0
Pan,swashbuckler,35088320,2015-10-09,150000000.0
Eragon,swashbuckler,75030163,2006-12-15,100000000.0
Master and Commander: The Far Side of the World,swashbuckler,93927920,2003-11-14,150000000.0
The Mask of Zorro,swashbuckler,94095523,1998-07-17,95000000.0
The 13th Warrior,swashbuckler,32698899,1999-08-27,160000000.0
Cutthroat Island,swashbuckler,10017322,1995-12-22,98000000.0
Robin Hood,swashbuckler,105269730,2010-05-14,200000000.0
Peter Pan,swashbuckler,48462608,2003-12-25,100000000.0
The Artist,swashbuckler,44671682,2011-11-25,15000000.0
Ella Enchanted,swashbuckler,22918387,2004-04-09,31000000.0
The Road to El Dorado,swashbuckler,50863742,2000-03-31,95000000.0
Puss in Boots,swashbuckler,149260504,2011-10-28,130000000.0
Brotherhood of the Wolf,swashbuckler,11260096,2002-01-11,29000000.0
Timeline,swashbuckler,19481943,2003-11-26,80000000.0
Blade Runner 2049,tech-noir,92054159,2017-10-06,150000000.0
The Matrix,tech-noir,171479930,1999-03-31,63000000.0
The Terminator,tech-noir,38371200,1984-10-26,6400000.0
Minority Report,tech-noir,132072926,2002-06-21,102000000.0
A.I. Artificial Intelligence,tech-noir,78616689,2001-06-29,100000000.0
Face/Off,tech-noir,112276146,1997-06-27,80000000.0
Blackhat,tech-noir,8005980,2015-01-16,70000000.0
Strange Days,tech-noir,7959291,1995-10-06,42000000.0
Johnny Mnemonic,tech-noir,19075720,1995-05-26,26000000.0
Surrogates,tech-noir,38577772,2009-09-25,80000000.0
Paycheck,tech-noir,53790451,2003-12-25,60000000.0
Paranoia,tech-noir,7385015,2013-08-16,35000000.0
Renaissance,tech-noir,70644,2006-09-22,18000000.0
Blade: Trinity,vampire,52411906,2004-12-08,65000000.0
Blade II,vampire,82348319,2002-03-22,54000000.0
Scott Pilgrim vs. the World,vampire,31524275,2010-08-13,60000000.0
From Dusk Till Dawn,vampire,25836616,1996-01-19,19000000.0
Twilight,vampire,192769854,2008-11-21,37000000.0
Van Helsing,vampire,120177084,2004-05-07,160000000.0
Bram Stoker's Dracula,vampire,82522790,1992-11-13,40000000.0
I Am Legend,vampire,256393010,2007-12-14,150000000.0
Hotel Transylvania 3: Summer Vacation,vampire,167510016,2018-07-13,80000000.0
Dark Shadows,vampire,79727149,2012-05-11,150000000.0
Underworld,vampire,51970690,2003-09-19,22000000.0
Dracula Untold,vampire,56280355,2014-10-10,70000000.0
The Mortal Instruments: City of Bones,vampire,31165421,2013-08-21,60000000.0
Jennifer's Body,vampire,16204793,2009-09-18,16000000.0
Underworld: Blood Wars,vampire,30353973,2017-01-06,35000000.0
The Twilight Saga: Eclipse,vampire,300531751,2010-06-30,68000000.0
The League of Extraordinary Gentlemen,vampire,66465204,2003-07-11,78000000.0
District 9,whistleblower,115646235,2009-08-14,30000000.0
The Post,whistleblower,81903458,2017-12-22,50000000.0
Black Mass,whistleblower,62575678,2015-09-18,53000000.0
Erin Brockovich,whistleblower,125595205,2000-03-17,52000000.0
Snowden,whistleblower,21587519,2016-09-16,40000000.0
Patch Adams,whistleblower,135026902,1998-12-25,90000000.0
The Ghost Writer,whistleblower,15541549,2010-02-19,45000000.0
The Insider,whistleblower,29089912,1999-11-05,90000000.0
The International,whistleblower,25450527,2009-02-13,50000000.0
The Informant!,whistleblower,33316821,2009-09-18,22000000.0
The Fifth Estate,whistleblower,3255008,2013-10-18,28000000.0
The Yards,whistleblower,889352,2000-10-20,24000000.0
Freakonomics,whistleblower,101270,2010-10-01,2900000.0
Hero,wuxia,53710019,2004-08-27,31000000.0
Iron Monkey,wuxia,14694904,2001-10-12,11000000.0
It,zombie,327481748,2017-09-08,35000000.0
Zombieland,zombie,75590286,2009-10-02,23600000.0
Thor: Ragnarok,zombie,315058289,2017-11-03,180000000.0
Overlord,zombie,21704844,2018-11-09,38000000.0
Ready Player One,zombie,137690172,2018-03-29,175000000.0
Mortal Engines,zombie,15951040,2018-12-14,100000000.0
The Mummy,zombie,155385488,1999-05-07,80000000.0
World War Z,zombie,202359711,2013-06-21,190000000.0
Grindhouse,zombie,25037897,2007-04-06,67000000.0
Sucker Punch,zombie,36392502,2011-03-25,82000000.0
Maze Runner: The Death Cure,zombie,58032443,2018-01-26,62000000.0
I Am Legend,zombie,256393010,2007-12-14,150000000.0
Super 8,zombie,127004179,2011-06-10,50000000.0
Zombieland,zombie,75590286,2009-10-02,23600000.0
Wreck-It Ralph,zombie,189422889,2012-11-02,165000000.0
Pirates of the Caribbean: On Stranger Tides,zombie,241071802,2011-05-20,250000000.0
Dawn of the Dead,zombie,59020957,2004-03-19,26000000.0
Pride and Prejudice and Zombies,zombie,10938134,2016-02-05,28000000.0
Maze Runner: The Scorch Trials,zombie,81697192,2015-09-18,61000000.0
Resident Evil,zombie,40119709,2002-03-15,33000000.0
Resident Evil: The Final Chapter,zombie,26830068,2017-01-27,40000000.0
